id,spp,initial_wt_g,coll_wt_g,days,soil_block,row,percent_n,percent_c,mass_sent_g,row_no,pct_mass_remain,pct_mass_remain_corr,prop_n,prop_c,total_n_g
323,AR,23.875,22.134,0,1,A,1.76,41.1,0.1057,1,92.70785340314136,99.88848450314136,0.0176,0.41100000000000003,0.3895584
387,AR,23.035,21.388,0,1,B,1.49,41.2,0.1032,2,92.85001085304971,100.03064195304971,0.0149,0.41200000000000003,0.31868120000000005
396,AR,23.779,22.141,0,1,C,1.57,41.6,0.1061,3,93.11156903149838,100.29220013149838,0.015700000000000002,0.41600000000000004,0.3476137
386,AR,22.69,21.196,0,1,D,1.65,41.5,0.1041,4,93.41560158660202,100.59623268660202,0.0165,0.415,0.34973400000000004
392,AR,23.252,21.695,0,1,E,1.76,40.8,0.1014,5,93.30380182349906,100.48443292349906,0.0176,0.408,0.381832
325,AR,23.05,21.543,0,2,F,1.85,41.5,0.1101,6,93.46203904555314,100.64267014555314,0.018500000000000003,0.415,0.39854550000000005
315,AR,22.536,20.634,0,2,G,1.87,41.2,0.1086,7,91.5601703940362,98.7408014940362,0.0187,0.41200000000000003,0.3858558
393,AR,23.033,21.475,0,2,H,1.65,41.8,0.1088,8,93.23579212434333,100.41642322434333,0.0165,0.418,0.3543375
379,AR,23.238,21.129,0,2,I,1.74,40.9,0.102,9,90.92434805060677,98.10497915060677,0.0174,0.409,0.3676446
394,AR,23.677,22.167,0,2,J,1.77,41.5,0.1127,10,93.62250285086795,100.80313395086795,0.0177,0.415,0.39235590000000004
300,AR,23.869,21.229,7,1,A,NA,NA,NA,1,88.93962880723952,88.93962880723952,NA,NA,NA
308,AR,23.337,19.8716,7,1,B,NA,NA,NA,2,85.15061918841326,85.15061918841326,NA,NA,NA
346,AR,22.555,19.085,7,1,C,NA,NA,NA,3,84.61538461538463,84.61538461538463,NA,NA,NA
338,AR,22.775,19.026,7,1,D,NA,NA,NA,4,83.53896816684963,83.53896816684963,NA,NA,NA
310,AR,23.518,19.635,7,1,E,NA,NA,NA,5,83.48924228250702,83.48924228250702,NA,NA,NA
345,AR,22.836,19.455,7,2,F,NA,NA,NA,6,85.19442984760903,85.19442984760903,NA,NA,NA
335,AR,23.003,19.115,7,2,G,NA,NA,NA,7,83.09785680128678,83.09785680128678,NA,NA,NA
332,AR,22.813,19.503,7,2,H,NA,NA,NA,8,85.49072897032394,85.49072897032394,NA,NA,NA
388,AR,23.198,19.275,7,2,I,NA,NA,NA,9,83.08905940167254,83.08905940167254,NA,NA,NA
369,AR,23.825,19.631,7,2,J,NA,NA,NA,10,82.39664218258133,82.39664218258133,NA,NA,NA
321,AR,22.812,16.257,14,1,A,1.28,39.8,0.1104,1,71.26512361914781,71.26512361914781,0.0128,0.39799999999999996,0.20808960000000004
362,AR,23.852,19.339,14,1,B,1.31,33.9,0.1048,2,81.07915478785846,81.07915478785846,0.0131,0.33899999999999997,0.2533409
329,AR,22.761,17.721,14,1,C,1.61,39.1,0.1003,3,77.856860419138,77.856860419138,0.0161,0.391,0.2853081
333,AR,23.878,20.119,14,1,D,1.42,37.9,0.1046,4,84.25747550046067,84.25747550046067,0.014199999999999999,0.379,0.2856898
299,AR,22.364,15.676,14,1,E,1.6,40.5,0.1057,5,70.094795206582,70.094795206582,0.016,0.405,0.250816
314,AR,22.97,17.596,14,2,F,1.2,41,0.1026,6,76.60426643447977,76.60426643447977,0.012,0.41,0.211152
347,AR,23.934,18.063,14,2,G,1.49,39.1,0.1019,7,75.47004261719728,75.47004261719728,0.0149,0.391,0.2691387
344,AR,23.047,16.924,14,2,H,1.41,39.3,0.1058,8,73.43255087430035,73.43255087430035,0.0141,0.39299999999999996,0.2386284
377,AR,22.947,17.605,14,2,I,1.56,40,0.1035,9,76.72026844467686,76.72026844467686,0.015600000000000001,0.4,0.27463800000000005
361,AR,22.545,14.164,14,2,J,1.41,40.8,0.1021,10,62.82546019072964,62.82546019072964,0.0141,0.408,0.19971239999999998
307,AR,22.661,16.012,21,1,A,NA,NA,NA,1,70.65884118088346,70.65884118088346,NA,NA,NA
339,AR,23.248,18.023,21,1,B,NA,NA,NA,2,77.52494838265656,77.52494838265656,NA,NA,NA
305,AR,23.056,16.364,21,1,C,NA,NA,NA,3,70.97501734906315,70.97501734906315,NA,NA,NA
331,AR,22.82,16.103,21,1,D,NA,NA,NA,4,70.56529360210342,70.56529360210342,NA,NA,NA
337,AR,22.601,17.45,21,1,E,NA,NA,NA,5,77.20897305428963,77.20897305428963,NA,NA,NA
381,AR,23.069,16.365,21,2,F,NA,NA,NA,6,70.93935584550695,70.93935584550695,NA,NA,NA
372,AR,23.092,16.358,21,2,G,NA,NA,NA,7,70.83838558808246,70.83838558808246,NA,NA,NA
364,AR,23,15.903,21,2,H,NA,NA,NA,8,69.14347826086956,69.14347826086956,NA,NA,NA
354,AR,22.574,17.016,21,2,I,NA,NA,NA,9,75.37875431912818,75.37875431912818,NA,NA,NA
342,AR,23.091,15.528,21,2,J,NA,NA,NA,10,67.24697934260101,67.24697934260101,NA,NA,NA
341,AR,23.358,15.982,28,1,A,NA,NA,NA,1,68.42195393441219,68.42195393441219,NA,NA,NA
375,AR,22.562,15.285,28,1,B,NA,NA,NA,2,67.7466536654552,67.7466536654552,NA,NA,NA
371,AR,22.879,17.263,28,1,D,NA,NA,NA,4,75.45347261681017,75.45347261681017,NA,NA,NA
383,AR,22.437,14.251,28,1,E,NA,NA,NA,5,63.515621518028254,63.515621518028254,NA,NA,NA
351,AR,22.624,12.94,28,2,F,NA,NA,NA,6,57.1958981612447,57.1958981612447,NA,NA,NA
312,AR,23.793,13.429,28,2,G,NA,NA,NA,7,56.440970033203044,56.440970033203044,NA,NA,NA
376,AR,22.661,12.436,28,2,H,NA,NA,NA,8,54.87842548872513,54.87842548872513,NA,NA,NA
340,AR,22.854,14.418,28,2,I,NA,NA,NA,9,63.087424520871615,63.087424520871615,NA,NA,NA
353,AR,23.101,12.535,28,2,J,NA,NA,NA,10,54.26172027184971,54.26172027184971,NA,NA,NA
318,AR,23.61,14.397,35,1,A,1.67,28.1,0.1071,1,60.978398983481576,60.978398983481576,0.0167,0.281,0.2404299
334,AR,22.405,18.087,35,1,B,1.79,26.1,0.1439,2,80.72751617942423,80.72751617942423,0.0179,0.261,0.32375729999999997
378,AR,22.992,17.141,35,1,C,1.7,30.4,0.1195,3,74.55201809324981,74.55201809324981,0.017,0.304,0.291397
350,AR,23.707,14.635,35,1,D,1.75,33.4,0.107,4,61.732821529506055,61.732821529506055,0.0175,0.33399999999999996,0.2561125
348,AR,23.156,14.896,35,1,E,1.83,31.4,0.1266,5,64.32889963724305,64.32889963724305,0.0183,0.314,0.27259680000000003
368,AR,22.724,12.361,35,2,G,1.93,37,0.1045,7,54.396233057560295,54.396233057560295,0.019299999999999998,0.37,0.23856729999999998
309,AR,23.406,12.381,35,2,H,2,34.4,0.1069,8,52.89669315560113,52.89669315560113,0.02,0.344,0.24762
324,AR,23.05,13.547,35,2,I,1.91,37.5,0.1035,9,58.772234273318865,58.772234273318865,0.0191,0.375,0.25874769999999997
302,AR,23.855,10.467,35,2,J,2.08,36.2,0.1057,10,43.877593795849926,43.877593795849926,0.0208,0.36200000000000004,0.2177136
330,AR,22.488,13.847,49,1,A,NA,NA,NA,1,61.57506225542512,61.57506225542512,NA,NA,NA
391,AR,22.904,21.791,49,1,B,NA,NA,NA,2,95.14058679706602,95.14058679706602,NA,NA,NA
306,AR,23.012,13.922,49,1,C,NA,NA,NA,3,60.4988701547019,60.4988701547019,NA,NA,NA
317,AR,22.923,13.311,49,1,D,NA,NA,NA,4,58.06831566548881,58.06831566548881,NA,NA,NA
370,AR,23.38,13.493,49,1,E,NA,NA,NA,5,57.71171941830625,57.71171941830625,NA,NA,NA
320,AR,22.818,11.996,49,2,F,NA,NA,NA,6,52.57253045841003,52.57253045841003,NA,NA,NA
374,AR,22.659,9.281,49,2,G,NA,NA,NA,7,40.959442164261446,40.959442164261446,NA,NA,NA
356,AR,23.124,12.836,49,2,I,NA,NA,NA,9,55.50942743469989,55.50942743469989,NA,NA,NA
390,AR,23.324,9.912,49,2,J,NA,NA,NA,10,42.49699879951981,42.49699879951981,NA,NA,NA
311,AR,23.446,12.011,63,1,A,1.87,36,0.1092,1,51.22835451676191,51.22835451676191,0.0187,0.36,0.2246057
303,AR,23.976,12.633,63,1,B,1.49,25.1,0.1012,2,52.69019019019019,52.69019019019019,0.0149,0.251,0.18823169999999997
343,AR,22.499,13.456,63,1,D,1.8,33.8,0.1054,4,59.80710253789058,59.80710253789058,0.018000000000000002,0.33799999999999997,0.242208
389,AR,23.998,12.342,63,2,F,2.24,33.5,0.1065,6,51.429285773814485,51.429285773814485,0.022400000000000003,0.335,0.27646080000000006
366,AR,23.022,10.791,63,2,G,1.81,35,0.1058,7,46.87255668491009,46.87255668491009,0.0181,0.35,0.19531710000000002
357,AR,23.357,12.036,63,2,H,1.76,36.6,0.1027,8,51.53059040116453,51.53059040116453,0.0176,0.366,0.2118336
382,AR,22.831,10.933,63,2,I,2.05,35.8,0.1084,9,47.88664535061977,47.88664535061977,0.020499999999999997,0.358,0.22412649999999998
316,AR,23.229,10.739,63,2,J,2.05,34.4,0.1075,10,46.231004348013265,46.231004348013265,0.020499999999999997,0.344,0.2201495
304,AR,22.977,12.47,84,1,A,NA,NA,NA,1,54.27166296731515,54.27166296731515,NA,NA,NA
355,AR,23.567,19.784,84,1,B,NA,NA,NA,2,83.94789324054823,83.94789324054823,NA,NA,NA
328,AR,22.562,10,84,1,C,NA,NA,NA,3,44.32231185178619,44.32231185178619,NA,NA,NA
380,AR,22.423,11.608,84,1,D,NA,NA,NA,4,51.768273647594,51.768273647594,NA,NA,NA
322,AR,22.908,10.747,84,1,E,NA,NA,NA,5,46.91374192421861,46.91374192421861,NA,NA,NA
385,AR,22.648,13.556,84,2,F,NA,NA,NA,6,59.85517484987637,59.85517484987637,NA,NA,NA
363,AR,22.7,10.972,84,2,G,NA,NA,NA,7,48.33480176211454,48.33480176211454,NA,NA,NA
373,AR,23.162,9.931,84,2,H,NA,NA,NA,8,42.87626284431396,42.87626284431396,NA,NA,NA
336,AR,23.675,11.418,84,2,I,NA,NA,NA,9,48.22808870116156,48.22808870116156,NA,NA,NA
395,AR,23.486,13.519,84,2,J,NA,NA,NA,10,57.56195180107297,57.56195180107297,NA,NA,NA
298,AR,23.602,NA,NA,1,A,1.57,22,0.1103,1,NA,NA,0.015700000000000002,0.22,NA
326,AR,22.797,NA,NA,1,B,1.32,18.8,0.1307,2,NA,NA,0.0132,0.188,NA
352,AR,23.333,NA,NA,1,D,2.23,31.9,0.1016,4,NA,NA,0.0223,0.319,NA
360,AR,22.735,NA,NA,1,D,2,31.3,0.107,4,NA,NA,0.02,0.313,NA
384,AR,23.447,NA,NA,2,G,2.1,30.5,0.1098,7,NA,NA,0.021,0.305,NA
365,AR,22.722,NA,NA,2,H,2.22,31.9,0.1094,8,NA,NA,0.0222,0.319,NA
313,AR,23.972,NA,NA,2,I,1.69,24.1,0.1043,9,NA,NA,0.0169,0.24100000000000002,NA
319,AR,22.425,NA,NA,2,J,2.11,28,0.1613,10,NA,NA,0.021099999999999997,0.28,NA
301,AR,23.783,NA,NA,NA,,NA,NA,NA,99999,NA,NA,NA,NA,NA
327,AR,22.464,NA,NA,NA,,1.64,26.6,0.1178,99999,NA,NA,0.016399999999999998,0.266,NA
349,AR,22.916,NA,NA,NA,,NA,NA,NA,99999,NA,NA,NA,NA,NA
358,AR,23.248,NA,NA,NA,,NA,NA,NA,99999,NA,NA,NA,NA,NA
359,AR,23.033,NA,NA,NA,,1.73,33.1,0.113,99999,NA,NA,0.0173,0.331,NA
367,AR,22.921,NA,NA,NA,,NA,NA,NA,99999,NA,NA,NA,NA,NA
236,CR,22.415,20.883,0,1,A,1.58,43,0.1153,1,93.16529109971002,100.58661419971001,0.0158,0.43,0.3299514
223,CR,22.739,21.226,0,1,B,1.69,43.3,0.1032,2,93.3462333435947,100.7675564435947,0.0169,0.433,0.35871939999999997
240,CR,23.294,21.393,0,1,C,1.36,42.4,0.1004,3,91.83910019747574,99.26042329747574,0.013600000000000001,0.424,0.2909448
258,CR,22.677,21.05,0,1,D,1.32,42.9,0.1013,4,92.82532962913966,100.24665272913965,0.0132,0.429,0.27786
255,CR,22.334,20.583,0,1,E,1.35,43.8,0.1098,5,92.1599355243127,99.5812586243127,0.013500000000000002,0.43799999999999994,0.2778705
211,CR,22.504,21.087,0,2,F,1.41,42.6,0.1058,6,93.70334162815499,101.12466472815498,0.0141,0.426,0.2973267
272,CR,23.233,21.327,0,2,G,1.45,42.8,0.1024,7,91.79615202513666,99.21747512513666,0.014499999999999999,0.428,0.3092415
215,CR,22.77,20.672,0,2,H,1.46,42.8,0.1066,8,90.78612209046992,98.20744519046991,0.0146,0.428,0.3018112
283,CR,22.948,21.542,0,2,I,1.33,42.9,0.1082,9,93.87310440997038,101.29442750997038,0.013300000000000001,0.429,0.28650860000000006
276,CR,23.275,21.481,0,2,J,1.44,43.3,0.1004,10,92.29215896885071,99.71348206885071,0.0144,0.433,0.3093264
207,CR,22.766,19.1089,7,1,A,NA,NA,NA,1,83.93613282965826,83.93613282965826,NA,NA,NA
290,CR,22.532,20.236,7,1,B,NA,NA,NA,2,89.81004793183028,89.81004793183028,NA,NA,NA
235,CR,22.69,19.403,7,1,C,NA,NA,NA,3,85.51344204495372,85.51344204495372,NA,NA,NA
253,CR,23.422,20.523,7,1,D,NA,NA,NA,4,87.62274784390743,87.62274784390743,NA,NA,NA
294,CR,22.863,20.3,7,1,E,NA,NA,NA,5,88.78974762717054,88.78974762717054,NA,NA,NA
261,CR,22.95,19.909,7,2,F,NA,NA,NA,6,86.74945533769063,86.74945533769063,NA,NA,NA
267,CR,23.085,19.68,7,2,G,NA,NA,NA,7,85.25016244314489,85.25016244314489,NA,NA,NA
239,CR,22.903,20.075,7,2,H,NA,NA,NA,8,87.65227262804,87.65227262804,NA,NA,NA
246,CR,22.809,20.458,7,2,I,NA,NA,NA,9,89.69266517602699,89.69266517602699,NA,NA,NA
284,CR,23.323,20.375,7,2,J,NA,NA,NA,10,87.36011662307594,87.36011662307594,NA,NA,NA
249,CR,22.318,16.682,14,1,A,1.14,40.9,0.1155,1,74.74684111479523,74.74684111479523,0.011399999999999999,0.409,0.19017479999999995
212,CR,22.444,17.276,14,1,B,1.23,36.2,0.1037,2,76.97380146141508,76.97380146141508,0.0123,0.36200000000000004,0.2124948
238,CR,22.586,17.023,14,1,C,1.27,41.7,0.1114,3,75.36969804303551,75.36969804303551,0.0127,0.41700000000000004,0.2161921
201,CR,22.603,21.441,14,1,D,1.04,39,0.1011,4,94.85908950139361,94.85908950139361,0.0104,0.39,0.22298639999999997
225,CR,22.993,18.401,14,1,E,1.26,42.4,0.1072,5,80.0287043882921,80.0287043882921,0.0126,0.424,0.2318526
260,CR,22.604,18.465,14,2,F,1.18,39.5,0.1061,6,81.68908157848168,81.68908157848168,0.0118,0.395,0.217887
286,CR,23.07,17.881,14,2,G,1.24,41.1,0.1064,7,77.50758560901603,77.50758560901603,0.0124,0.41100000000000003,0.2217244
256,CR,23.209,17.046,14,2,H,1.24,41.8,0.1048,8,73.44564608557025,73.44564608557025,0.0124,0.418,0.21137039999999999
275,CR,22.673,18.186,14,2,I,0.95,41.8,0.108,9,80.20994133991974,80.20994133991974,0.0095,0.418,0.172767
287,CR,23.488,17.821,14,2,J,1.29,42.2,0.1072,10,75.87278610354224,75.87278610354224,0.0129,0.42200000000000004,0.2298909
203,CR,23.274,17.797,21,1,A,NA,NA,NA,1,76.46730256939074,76.46730256939074,NA,NA,NA
285,CR,22.368,19.954,21,1,B,NA,NA,NA,2,89.20779685264665,89.20779685264665,NA,NA,NA
234,CR,22.443,17.121,21,1,C,NA,NA,NA,3,76.28659270151049,76.28659270151049,NA,NA,NA
237,CR,22.465,17.884,21,1,D,NA,NA,NA,4,79.60827954596039,79.60827954596039,NA,NA,NA
264,CR,22.98,18.107,21,1,E,NA,NA,NA,5,78.79460400348128,78.79460400348128,NA,NA,NA
292,CR,23.01,17.027,21,2,F,NA,NA,NA,6,73.99826162538027,73.99826162538027,NA,NA,NA
250,CR,23.175,16.693,21,2,G,NA,NA,NA,7,72.0302049622438,72.0302049622438,NA,NA,NA
232,CR,22.504,15.58,21,2,H,NA,NA,NA,8,69.23213650906506,69.23213650906506,NA,NA,NA
281,CR,22.55,16.612,21,2,I,NA,NA,NA,9,73.66740576496673,73.66740576496673,NA,NA,NA
271,CR,23.304,16.959,21,2,J,NA,NA,NA,10,72.77291452111226,72.77291452111226,NA,NA,NA
241,CR,22.444,16.42,28,1,A,NA,NA,NA,1,73.15986455177331,73.15986455177331,NA,NA,NA
245,CR,22.72,17.656,28,1,B,NA,NA,NA,2,77.71126760563381,77.71126760563381,NA,NA,NA
293,CR,23.103,17.693,28,1,D,NA,NA,NA,4,76.58312773232913,76.58312773232913,NA,NA,NA
291,CR,23.759,17.286,28,1,E,NA,NA,NA,5,72.75558735637023,72.75558735637023,NA,NA,NA
206,CR,22.949,16.252,28,2,F,NA,NA,NA,6,70.817900562116,70.817900562116,NA,NA,NA
274,CR,22.531,14.596,28,2,F,NA,NA,NA,6,64.78185610936043,64.78185610936043,NA,NA,NA
226,CR,22.832,14.557,28,2,G,NA,NA,NA,7,63.75700770847933,63.75700770847933,NA,NA,NA
229,CR,22.498,14.596,28,2,H,NA,NA,NA,8,64.8768779447062,64.8768779447062,NA,NA,NA
243,CR,23.302,16.829,28,2,I,NA,NA,NA,9,72.22126856063858,72.22126856063858,NA,NA,NA
202,CR,23.243,16.137,28,2,J,NA,NA,NA,10,69.42735447231425,69.42735447231425,NA,NA,NA
289,CR,22.74,16.427,35,1,A,1.47,34.1,0.1097,1,72.23834652594547,72.23834652594547,0.0147,0.341,0.2414769
242,CR,22.848,18.481,35,1,B,1.23,37.2,0.1029,2,80.88672969187675,80.88672969187675,0.0123,0.37200000000000005,0.22731630000000003
231,CR,22.712,16.531,35,1,C,1.5,35,0.1051,3,72.7853117294822,72.7853117294822,0.015,0.35,0.24796499999999996
199,CR,22.932,16.329,35,1,D,1.48,37.9,0.11,4,71.20617477760337,71.20617477760337,0.0148,0.379,0.24166920000000003
244,CR,22.986,17.387,35,1,E,1.27,34.2,0.1008,5,75.64169494474898,75.64169494474898,0.0127,0.342,0.2208149
359,CR,22.751,13.387,35,2,F,1.73,33.1,0.113,6,58.841369610127025,58.841369610127025,0.0173,0.331,0.2315951
265,CR,22.356,13.579,35,2,G,1.68,38.9,0.1039,7,60.73984612631955,60.73984612631955,0.0168,0.389,0.2281272
270,CR,23.54,16.308,35,2,H,1.48,37.2,0.1051,8,69.27782497875955,69.27782497875955,0.0148,0.37200000000000005,0.2413584
280,CR,23.836,14.503,35,2,I,1.32,39.2,0.1027,9,60.84494042624602,60.84494042624602,0.0132,0.392,0.1914396
227,CR,22.49,13.585,35,2,J,1.5,40.4,0.1035,10,60.404624277456655,60.404624277456655,0.015,0.40399999999999997,0.203775
219,CR,22.911,15.7,49,1,A,NA,NA,NA,1,68.52603552878529,68.52603552878529,NA,NA,NA
208,CR,22.944,18.878,49,1,B,NA,NA,NA,2,82.27859135285914,82.27859135285914,NA,NA,NA
220,CR,23.066,14.157,49,1,C,NA,NA,NA,3,61.37605133096332,61.37605133096332,NA,NA,NA
296,CR,23.99,14.636,49,1,D,NA,NA,NA,4,61.00875364735307,61.00875364735307,NA,NA,NA
277,CR,23.509,16.01,49,1,E,NA,NA,NA,5,68.10157811901826,68.10157811901826,NA,NA,NA
209,CR,22.986,13.707,49,2,F,NA,NA,NA,6,59.63194988253719,59.63194988253719,NA,NA,NA
297,CR,22.741,12.152,49,2,G,NA,NA,NA,7,53.43652433929906,53.43652433929906,NA,NA,NA
268,CR,22.624,14.545,49,2,H,NA,NA,NA,8,64.29013437057992,64.29013437057992,NA,NA,NA
278,CR,23.217,12.678,49,2,I,NA,NA,NA,9,54.606538312443476,54.606538312443476,NA,NA,NA
269,CR,23.089,15.146,49,2,J,NA,NA,NA,10,65.59833687037117,65.59833687037117,NA,NA,NA
221,CR,22.417,13.994,63,1,A,1.75,32,0.1044,1,62.42583753401436,62.42583753401436,0.0175,0.32,0.24489500000000003
228,CR,22.776,14.61,63,1,B,1.63,36.1,0.1046,2,64.14646996838778,64.14646996838778,0.0163,0.361,0.23814299999999997
218,CR,23.109,15.065,63,1,D,1.74,33.3,0.1038,4,65.19105110562984,65.19105110562984,0.0174,0.33299999999999996,0.26213099999999995
273,CR,23.094,12.616,63,2,G,1.88,38.8,0.1056,7,54.62890794145665,54.62890794145665,0.018799999999999997,0.38799999999999996,0.23718079999999997
205,CR,22.536,12.977,63,2,H,1.78,38.7,0.1019,8,57.58342208022719,57.58342208022719,0.0178,0.387,0.2309906
233,CR,23.154,13.805,63,2,I,1.88,33.5,0.1032,9,59.62252742506694,59.62252742506694,0.018799999999999997,0.335,0.25953399999999993
222,CR,23.061,9.177,63,2,J,1.59,37.8,0.1024,10,39.79445817614153,39.79445817614153,0.0159,0.37799999999999995,0.1459143
288,CR,22.687,13.452,84,1,A,NA,NA,NA,1,59.29386873539912,59.29386873539912,NA,NA,NA
204,CR,23.265,17.936,84,1,B,NA,NA,NA,2,77.0943477326456,77.0943477326456,NA,NA,NA
262,CR,22.881,13.445,84,1,C,NA,NA,NA,3,58.76054368253136,58.76054368253136,NA,NA,NA
210,CR,22.494,16.815,84,1,D,NA,NA,NA,4,74.75326753801014,74.75326753801014,NA,NA,NA
230,CR,22.986,14.083,84,2,E,NA,NA,NA,5,61.26772818237187,61.26772818237187,NA,NA,NA
257,CR,22.465,12.51,84,2,F,NA,NA,NA,6,55.6866236367683,55.6866236367683,NA,NA,NA
263,CR,23.028,13.819,84,2,G,NA,NA,NA,7,60.00955358693765,60.00955358693765,NA,NA,NA
247,CR,22.32,12.077,84,2,H,NA,NA,NA,8,54.1084229390681,54.1084229390681,NA,NA,NA
266,CR,22.661,12.194,84,2,I,NA,NA,NA,9,53.81051145139226,53.81051145139226,NA,NA,NA
295,CR,22.618,12.043,84,2,J,NA,NA,NA,10,53.24520293571492,53.24520293571492,NA,NA,NA
224,CR,22.435,NA,NA,1,B,1.01,14.1,0.1066,2,NA,NA,0.0101,0.141,NA
248,CR,22.668,NA,NA,1,D,1.64,31.6,0.1001,4,NA,NA,0.016399999999999998,0.316,NA
252,CR,23.457,NA,NA,1,D,1.66,32.5,0.1098,4,NA,NA,0.0166,0.325,NA
254,CR,23.325,NA,NA,2,F,1.57,26.5,0.1006,6,NA,NA,0.015700000000000002,0.265,NA
213,CR,22.839,NA,NA,2,G,1.66,30.2,0.109,7,NA,NA,0.0166,0.302,NA
282,CR,23.044,NA,NA,2,H,1.85,31.4,0.1023,8,NA,NA,0.018500000000000003,0.314,NA
251,CR,23.315,NA,NA,2,I,1.47,28.4,0.1006,9,NA,NA,0.0147,0.284,NA
214,CR,22.993,NA,NA,2,J,1.75,29,0.1028,10,NA,NA,0.0175,0.29,NA
216,CR,22.674,NA,NA,NA,,NA,NA,NA,99999,NA,NA,NA,NA,NA
217,CR,22.836,NA,NA,NA,,NA,NA,NA,99999,NA,NA,NA,NA,NA
279,CR,23.119,NA,NA,NA,,NA,NA,NA,99999,NA,NA,NA,NA,NA
183,GM_PC,24.783,24.581,0,1,A,1.84,43.7,0.102,1,99.18492515030464,98.95797445030463,0.0184,0.43700000000000006,0.4522904
121,GM_PC,23.302,23.361,0,1,B,1.74,44.2,0.1094,2,100.2531971504592,100.0262464504592,0.0174,0.442,0.4064814
176,GM_PC,24.481,23.871,0,1,C,1.36,45.6,0.1111,3,97.50827172092642,97.28132102092641,0.013600000000000001,0.456,0.3246456
159,GM_PC,24.805,24.442,0,1,D,1.48,45.3,0.1133,4,98.53658536585365,98.30963466585365,0.0148,0.45299999999999996,0.3617416
123,GM_PC,23.508,23.372,0,1,E,1.38,45,0.1031,5,99.42147354092225,99.19452284092225,0.0138,0.45,0.3225336
118,GM_PC,24.775,24.62,0,2,F,1.5,45.3,0.1094,6,99.37436932391525,99.14741862391524,0.015,0.45299999999999996,0.3693
130,GM_PC,24.425,24.097,0,2,G,1.76,44.9,0.1099,7,98.65711361310133,98.43016291310133,0.0176,0.449,0.4241072000000001
109,GM_PC,26.027,26.091,0,2,H,1.74,44,0.1034,8,100.24589849002959,100.01894779002959,0.0174,0.44,0.4539834
106,GM_PC,25.459,25.439,0,2,I,1.41,45.2,0.1133,9,99.92144231902274,99.69449161902274,0.0141,0.452,0.3586899
200,GM_PC,22.932,25.034,0,2,J,1.76,44.1,0.1042,10,109.16623059480202,108.93927989480201,0.0176,0.441,0.4405984
200,GM_PC,22.932,25.034,0,2,J,1.76,44.1,0.1074,10,109.16623059480202,108.93927989480201,0.0176,0.441,0.4405984
200,GM_PC,22.932,25.034,0,2,J,1.58,27.2,0.1042,10,109.16623059480202,108.93927989480201,0.0158,0.272,0.39553720000000003
200,GM_PC,22.932,25.034,0,2,J,1.58,27.2,0.1074,10,109.16623059480202,108.93927989480201,0.0158,0.272,0.39553720000000003
145,GM_PC,24.383,23.652,7,1,A,NA,NA,NA,1,97.00200959685027,97.00200959685027,NA,NA,NA
151,GM_PC,24.478,22.054,7,1,B,NA,NA,NA,2,90.09723016586321,90.09723016586321,NA,NA,NA
125,GM_PC,24.23,22.828,7,1,C,NA,NA,NA,3,94.21378456458936,94.21378456458936,NA,NA,NA
135,GM_PC,24.807,23.052,7,1,D,NA,NA,NA,4,92.92538396420366,92.92538396420366,NA,NA,NA
168,GM_PC,24.92,22.058,7,1,E,NA,NA,NA,5,88.51524879614766,88.51524879614766,NA,NA,NA
147,GM_PC,24.909,23.363,7,2,F,NA,NA,NA,6,93.79340800513872,93.79340800513872,NA,NA,NA
196,GM_PC,24.822,23.37,7,2,G,NA,NA,NA,7,94.15035049552817,94.15035049552817,NA,NA,NA
126,GM_PC,22.72,20.617,7,2,H,NA,NA,NA,8,90.74383802816902,90.74383802816902,NA,NA,NA
198,GM_PC,24.383,23.019,7,2,I,NA,NA,NA,9,94.40593856375344,94.40593856375344,NA,NA,NA
131,GM_PC,24.42,23.117,7,2,J,NA,NA,NA,10,94.66420966420966,94.66420966420966,NA,NA,NA
140,GM_PC,24.657,21.806,14,1,A,1.2,44.8,0.1115,1,88.43736058725717,88.43736058725717,0.012,0.44799999999999995,0.261672
156,GM_PC,24.764,22.841,14,1,B,1.24,42.6,0.1129,2,92.23469552576321,92.23469552576321,0.0124,0.426,0.2832284
154,GM_PC,24.979,21.34,14,1,C,1.42,41.2,0.1028,3,85.43176268065174,85.43176268065174,0.014199999999999999,0.41200000000000003,0.30302799999999996
112,GM_PC,25.908,23.621,14,1,D,1.4,42.9,0.1062,4,91.17261077659408,91.17261077659408,0.013999999999999999,0.429,0.33069399999999993
174,GM_PC,24.784,22.073,14,1,E,1.2,44.6,0.1056,5,89.06149128469981,89.06149128469981,0.012,0.446,0.264876
178,GM_PC,24.712,22.816,14,2,F,1.33,37.6,0.1089,6,92.32761411460018,92.32761411460018,0.013300000000000001,0.376,0.3034528
165,GM_PC,24.496,22.741,14,2,G,1.76,43.4,0.1199,7,92.83556499020249,92.83556499020249,0.0176,0.434,0.40024160000000003
185,GM_PC,24.751,22.67,14,2,H,1.57,43.7,0.1156,8,91.59225889863036,91.59225889863036,0.015700000000000002,0.43700000000000006,0.3559190000000001
167,GM_PC,24.704,22.329,14,2,I,1.45,44,0.1119,9,90.38617227979275,90.38617227979275,0.014499999999999999,0.44,0.32377049999999996
119,GM_PC,24.043,21.092,14,2,J,1.4,44.2,0.1051,10,87.72615730150147,87.72615730150147,0.013999999999999999,0.442,0.29528799999999994
144,GM_PC,24.843,21.744,21,1,A,NA,NA,NA,1,87.52566115203477,87.52566115203477,NA,NA,NA
122,GM_PC,25.332,22.108,21,1,B,NA,NA,NA,2,87.27301436917733,87.27301436917733,NA,NA,NA
158,GM_PC,24.811,21.523,21,1,C,NA,NA,NA,3,86.74781346983193,86.74781346983193,NA,NA,NA
160,GM_PC,24.556,21.95,21,1,D,NA,NA,NA,4,89.38752239778465,89.38752239778465,NA,NA,NA
188,GM_PC,24.679,23.238,21,1,E,NA,NA,NA,5,94.16102759431095,94.16102759431095,NA,NA,NA
181,GM_PC,24.4,21.975,21,2,F,NA,NA,NA,6,90.06147540983608,90.06147540983608,NA,NA,NA
117,GM_PC,22.83,20.352,21,2,G,NA,NA,NA,7,89.14586070959265,89.14586070959265,NA,NA,NA
110,GM_PC,25.351,22.262,21,2,H,NA,NA,NA,8,87.81507632834997,87.81507632834997,NA,NA,NA
184,GM_PC,24.916,22.006,21,2,I,NA,NA,NA,9,88.32075774602664,88.32075774602664,NA,NA,NA
149,GM_PC,24.891,21.689,21,2,J,NA,NA,NA,10,87.13591257884377,87.13591257884377,NA,NA,NA
166,GM_PC,24.475,20.362,28,1,A,NA,NA,NA,1,83.19509703779366,83.19509703779366,NA,NA,NA
175,GM_PC,25.646,22.271,28,1,B,NA,NA,NA,2,86.84005302971224,86.84005302971224,NA,NA,NA
134,GM_PC,23.088,21.068,28,1,D,NA,NA,NA,4,91.25086625086625,91.25086625086625,NA,NA,NA
132,GM_PC,24.606,21.277,28,1,E,NA,NA,NA,5,86.47077948467853,86.47077948467853,NA,NA,NA
193,GM_PC,24.637,21.647,28,2,F,NA,NA,NA,6,87.86378211632909,87.86378211632909,NA,NA,NA
111,GM_PC,24.361,20.787,28,2,G,NA,NA,NA,7,85.32900948236936,85.32900948236936,NA,NA,NA
179,GM_PC,24.875,19.248,28,2,H,NA,NA,NA,8,77.37889447236182,77.37889447236182,NA,NA,NA
195,GM_PC,24.462,20.021,28,2,I,NA,NA,NA,9,81.84531109475923,81.84531109475923,NA,NA,NA
153,GM_PC,25.083,21.032,28,2,J,NA,NA,NA,10,83.84961926404338,83.84961926404338,NA,NA,NA
143,GM_PC,24.86,20.043,35,1,A,1.68,44.1,0.1399,1,80.62349155269509,80.62349155269509,0.0168,0.441,0.3367224
173,GM_PC,24.743,22.277,35,1,B,1.42,34.6,0.1406,2,90.03354484096513,90.03354484096513,0.014199999999999999,0.34600000000000003,0.3163334
155,GM_PC,24.533,21.675,35,1,C,1.38,42.4,0.1106,3,88.35038519545103,88.35038519545103,0.0138,0.424,0.299115
141,GM_PC,24.393,20.718,35,1,D,1.54,43.1,0.1134,4,84.93420243512483,84.93420243512483,0.0154,0.431,0.3190572
164,GM_PC,24.477,20.878,35,1,E,1.29,42.7,0.1018,5,85.2964007027005,85.2964007027005,0.0129,0.42700000000000005,0.2693262
187,GM_PC,24.522,20.21,35,2,F,1.47,39.3,0.1017,6,82.4157899029443,82.4157899029443,0.0147,0.39299999999999996,0.297087
129,GM_PC,24.729,19.818,35,2,G,1.46,41.7,0.1076,7,80.1407254640301,80.1407254640301,0.0146,0.41700000000000004,0.2893428
142,GM_PC,24.815,16.707,35,2,H,1.5,43.2,0.1028,8,67.32621398347773,67.32621398347773,0.015,0.43200000000000005,0.250605
194,GM_PC,24.927,20.162,35,2,I,1.36,44.3,0.1029,9,80.8841818108878,80.8841818108878,0.013600000000000001,0.44299999999999995,0.2742032
136,GM_PC,24.819,20.054,35,2,J,1.64,44.2,0.1079,10,80.80099923445746,80.80099923445746,0.016399999999999998,0.442,0.32888559999999994
162,GM_PC,24.353,20.744,49,1,A,NA,NA,NA,1,85.18047057857348,85.18047057857348,NA,NA,NA
100,GM_PC,25.674,22.196,49,1,B,NA,NA,NA,2,86.45322115759134,86.45322115759134,NA,NA,NA
177,GM_PC,24.728,20.707,49,1,C,NA,NA,NA,3,83.73908120349401,83.73908120349401,NA,NA,NA
114,GM_PC,25.328,21.457,49,1,D,NA,NA,NA,4,84.71651926721415,84.71651926721415,NA,NA,NA
113,GM_PC,22.788,17.695,49,1,E,NA,NA,NA,5,77.6505178163946,77.6505178163946,NA,NA,NA
107,GM_PC,25.224,21.225,49,2,F,NA,NA,NA,6,84.14605137963844,84.14605137963844,NA,NA,NA
115,GM_PC,25.033,19.963,49,2,G,NA,NA,NA,7,79.74673431070987,79.74673431070987,NA,NA,NA
108,GM_PC,22.206,18.072,49,2,H,NA,NA,NA,8,81.38340988921912,81.38340988921912,NA,NA,NA
104,GM_PC,22.371,17.655,49,2,I,NA,NA,NA,9,78.91913638192304,78.91913638192304,NA,NA,NA
172,GM_PC,24.562,20.849,49,2,J,NA,NA,NA,10,84.88315283771679,84.88315283771679,NA,NA,NA
127,GM_PC,24.703,20.393,63,1,A,1.57,37.9,0.1008,1,82.55272638950734,82.55272638950734,0.015700000000000002,0.379,0.32017010000000007
146,GM_PC,24.473,18.848,63,1,B,1.69,40.9,0.1173,2,77.01548645446002,77.01548645446002,0.0169,0.409,0.31853119999999996
170,GM_PC,24.551,22.678,63,1,D,1.48,32.3,0.1021,4,92.37098285202234,92.37098285202234,0.0148,0.32299999999999995,0.3356344
116,GM_PC,23.125,17.888,63,2,F,1.76,40.3,0.1007,6,77.35351351351352,77.35351351351352,0.0176,0.40299999999999997,0.3148288000000001
157,GM_PC,24.978,19.517,63,2,G,1.65,41.5,0.1033,7,78.1367603491072,78.1367603491072,0.0165,0.415,0.3220305
189,GM_PC,24.415,19.866,63,2,H,1.69,41.6,0.1071,8,81.36801146835961,81.36801146835961,0.0169,0.41600000000000004,0.33573539999999996
190,GM_PC,24.735,18.978,63,2,I,1.57,38.4,0.1015,9,76.72528805336569,76.72528805336569,0.015700000000000002,0.384,0.29795460000000007
105,GM_PC,25.652,19.276,63,2,J,1.47,42.4,0.1154,10,75.14423826602213,75.14423826602213,0.0147,0.424,0.2833572
101,GM_PC,25.798,21.533,84,1,A,NA,NA,NA,1,83.46771067524615,83.46771067524615,NA,NA,NA
150,GM_PC,24.596,18.173,84,1,B,NA,NA,NA,2,73.88599772320703,73.88599772320703,NA,NA,NA
169,GM_PC,24.833,19.505,84,1,C,NA,NA,NA,3,78.54467845205976,78.54467845205976,NA,NA,NA
186,GM_PC,24.628,20.471,84,1,D,NA,NA,NA,4,83.12083807048887,83.12083807048887,NA,NA,NA
128,GM_PC,24.08,20.394,84,1,E,NA,NA,NA,5,84.69269102990033,84.69269102990033,NA,NA,NA
120,GM_PC,22.087,17.049,84,2,F,NA,NA,NA,6,77.19020238149137,77.19020238149137,NA,NA,NA
139,GM_PC,24.587,18.934,84,2,G,NA,NA,NA,7,77.00817505185668,77.00817505185668,NA,NA,NA
138,GM_PC,24.933,18.495,84,2,H,NA,NA,NA,8,74.17879918180725,74.17879918180725,NA,NA,NA
137,GM_PC,24.855,18.996,84,2,J,NA,NA,NA,10,76.4272782136391,76.4272782136391,NA,NA,NA
152,GM_PC,24.282,NA,NA,1,A,1.41,33.3,0.1063,1,NA,NA,0.0141,0.33299999999999996,NA
124,GM_PC,24.36,NA,NA,1,B,1.21,35.8,0.1079,2,NA,NA,0.0121,0.358,NA
133,GM_PC,24.356,NA,NA,1,D,1.6,39.5,0.1149,4,NA,NA,0.016,0.395,NA
192,GM_PC,24.924,NA,NA,2,F,1.55,39.8,0.1039,6,NA,NA,0.0155,0.39799999999999996,NA
148,GM_PC,24.25,NA,NA,2,G,1.21,39.5,0.1063,7,NA,NA,0.0121,0.395,NA
180,GM_PC,24.482,NA,NA,2,H,1.4,38.8,0.1024,8,NA,NA,0.013999999999999999,0.38799999999999996,NA
182,GM_PC,24.296,NA,NA,2,I,1.5,42.3,0.1087,9,NA,NA,0.015,0.423,NA
161,GM_PC,24.421,NA,NA,2,J,1.52,39.2,0.1092,10,NA,NA,0.0152,0.392,NA
102,GM_PC,22.877,NA,NA,NA,,NA,NA,NA,99999,NA,NA,NA,NA,NA
103,GM_PC,24.723,NA,NA,NA,,NA,NA,NA,99999,NA,NA,NA,NA,NA
163,GM_PC,24.89,NA,NA,NA,,NA,NA,NA,99999,NA,NA,NA,NA,NA
171,GM_PC,24.995,NA,NA,NA,,NA,NA,NA,99999,NA,NA,NA,NA,NA
191,GM_PC,24.534,NA,NA,NA,,NA,NA,NA,99999,NA,NA,NA,NA,NA
197,GM_PC,24.745,NA,NA,NA,,NA,NA,NA,99999,NA,NA,NA,NA,NA
2,PC,23.689,23.141,0,1,A,1.84,44.4,0.1106,1,97.68669002490607,99.74489472490608,0.0184,0.444,0.42579439999999996
11,PC,25.556,24.848,0,1,B,1.45,45,0.1171,2,97.22961339802785,99.28781809802786,0.014499999999999999,0.45,0.36029599999999995
77,PC,24.881,24.342,0,1,C,2.19,45.5,0.1013,3,97.8336883565773,99.8918930565773,0.0219,0.455,0.5330898
33,PC,24.673,24.556,0,1,D,2.55,47.2,0.109,4,99.5257974303895,101.58400213038951,0.0255,0.47200000000000003,0.626178
10,PC,24.173,23.573,0,1,E,1.59,44.9,0.1142,5,97.51789186282217,99.57609656282217,0.0159,0.449,0.37481070000000005
56,PC,24.762,23.931,0,2,F,1.66,45.5,0.1112,6,96.6440513690332,98.70225606903321,0.0166,0.455,0.3972546
34,PC,24.263,23.752,0,2,G,1.87,45.5,0.1097,7,97.8939125417302,99.9521172417302,0.0187,0.455,0.4441624
84,PC,24.494,24.808,0,2,H,2.17,45.7,0.1132,8,101.28194659916714,103.34015129916715,0.0217,0.457,0.5383336
73,PC,24.455,23.853,0,2,I,1.62,45,0.106,9,97.53833571866696,99.59654041866696,0.016200000000000003,0.45,0.3864186000000001
25,PC,24.96,24.028,0,2,J,1.78,46.2,0.1383,10,96.26602564102564,98.32423034102564,0.0178,0.462,0.4276984
21,PC,25.416,23.066,7,1,A,NA,NA,NA,1,90.75385583884167,90.75385583884167,NA,NA,NA
54,PC,25.38,23.19,7,1,B,NA,NA,NA,2,91.37115839243499,91.37115839243499,NA,NA,NA
6,PC,24.086,22.055,7,1,C,3.08,44.6,0.1101,3,91.56771568546044,91.56771568546044,0.0308,0.446,0.6792940000000001
44,PC,25.163,21.68,7,1,D,NA,NA,NA,4,86.1582482215952,86.1582482215952,NA,NA,NA
7,PC,24.288,21.957,7,1,E,NA,NA,NA,5,90.40266798418972,90.40266798418972,NA,NA,NA
94,PC,25.286,23.015,7,2,F,NA,NA,NA,6,91.01874555089773,91.01874555089773,NA,NA,NA
65,PC,24.512,22.553,7,2,G,NA,NA,NA,7,92.0079960835509,92.0079960835509,NA,NA,NA
39,PC,23.761,21.694,7,2,H,NA,NA,NA,8,91.30087117545558,91.30087117545558,NA,NA,NA
50,PC,25.165,22.088,7,2,I,NA,NA,NA,9,87.77270017881979,87.77270017881979,NA,NA,NA
71,PC,25.086,23.384,7,2,J,NA,NA,NA,10,93.21533923303835,93.21533923303835,NA,NA,NA
28,PC,24.473,20.668,14,1,A,1.45,43.7,0.1149,1,84.4522535038614,84.4522535038614,0.014499999999999999,0.43700000000000006,0.29968599999999995
57,PC,24.357,20.689,14,1,B,1.55,43,0.1256,2,84.94067413885126,84.94067413885126,0.0155,0.43,0.3206795
67,PC,25.11,20.712,14,1,C,1.62,43.2,0.1085,3,82.48506571087216,82.48506571087216,0.016200000000000003,0.43200000000000005,0.33553440000000007
86,PC,24.129,20.398,14,1,D,1.8,43.8,0.1148,4,84.53727879315346,84.53727879315346,0.018000000000000002,0.43799999999999994,0.36716400000000005
12,PC,24.599,20.496,14,1,E,2.18,46,0.1188,5,83.32046018130818,83.32046018130818,0.0218,0.46,0.44681279999999995
20,PC,25.37,22.009,14,2,F,1.37,45,0.1127,6,86.75206937327552,86.75206937327552,0.0137,0.45,0.3015233
72,PC,24.899,21.052,14,2,G,1.7,45.1,0.1048,7,84.5495803044299,84.5495803044299,0.017,0.451,0.35788400000000004
88,PC,24.411,20.91,14,2,H,2.2,43.9,0.1069,8,85.65810495268526,85.65810495268526,0.022000000000000002,0.439,0.46002000000000004
46,PC,24.49,20.09,14,2,I,1.57,44.2,0.1334,9,82.0334830543079,82.0334830543079,0.015700000000000002,0.442,0.31541300000000005
79,PC,24.552,20.451,14,2,J,1.79,44.6,0.1113,10,83.29667644183773,83.29667644183773,0.0179,0.446,0.3660729
49,PC,24.584,19.409,21,1,A,NA,NA,NA,1,78.9497233973316,78.9497233973316,NA,NA,NA
98,PC,24.213,18.952,21,1,B,NA,NA,NA,2,78.2720026432082,78.2720026432082,NA,NA,NA
31,PC,24.96,18.712,21,1,C,NA,NA,NA,3,74.96794871794872,74.96794871794872,NA,NA,NA
95,PC,24.846,20.016,21,1,D,NA,NA,NA,4,80.56025114706593,80.56025114706593,NA,NA,NA
59,PC,25.514,22.734,21,1,E,3.54,40.7,0.1126,5,89.10402132162734,89.10402132162734,0.0354,0.40700000000000003,0.8047836
53,PC,24.59,18.836,21,2,F,NA,NA,NA,6,76.60024400162668,76.60024400162668,NA,NA,NA
63,PC,24.161,20.075,21,2,G,NA,NA,NA,7,83.08844832581433,83.08844832581433,NA,NA,NA
13,PC,24.923,19.9,21,2,H,NA,NA,NA,8,79.84592545038718,79.84592545038718,NA,NA,NA
14,PC,24.016,19.577,21,2,I,NA,NA,NA,9,81.51648900732846,81.51648900732846,NA,NA,NA
47,PC,24.101,19.279,21,2,J,NA,NA,NA,10,79.99253143023111,79.99253143023111,NA,NA,NA
29,PC,24.609,20.337,28,1,A,3.73,27.8,0.118,1,82.64049737900767,82.64049737900767,0.0373,0.278,0.7585701
96,PC,25.041,19.817,28,1,B,NA,NA,NA,2,79.13821333013857,79.13821333013857,NA,NA,NA
48,PC,24.179,19.269,28,1,D,NA,NA,NA,4,79.69312213077464,79.69312213077464,NA,NA,NA
69,PC,24.603,19.103,28,1,E,NA,NA,NA,5,77.64500264195424,77.64500264195424,NA,NA,NA
8,PC,24.077,17.735,28,2,G,NA,NA,NA,7,73.65950907505086,73.65950907505086,NA,NA,NA
78,PC,25.068,17.01,28,2,H,NA,NA,NA,8,67.85543322163716,67.85543322163716,NA,NA,NA
91,PC,24.905,18.631,28,2,I,NA,NA,NA,9,74.808271431439465,74.808271431439465,NA,NA,NA
42,PC,25.549,18.29,28,2,J,NA,NA,NA,10,71.587929077459,71.587929077459,NA,NA,NA
3,PC,24.081,18.301,35,1,A,1.49,42.4,0.13,1,75.99767451517793,75.99767451517793,0.0149,0.424,0.27268489999999995
1,PC,23.578,17.166,35,1,B,1.73,39.4,0.106,2,72.80515735007211,72.80515735007211,0.0173,0.39399999999999996,0.2969718
18,PC,24.141,19.904,35,1,C,1.6,43,0.1198,3,82.44894577689409,82.44894577689409,0.016,0.43,0.318464
81,PC,23.526,21.464,35,1,D,1.41,38.8,0.1145,4,91.23522910822068,91.23522910822068,0.0141,0.38799999999999996,0.3026424
24,PC,24.783,19.087,35,1,E,1.51,38.4,0.1099,5,77.01650324819433,77.01650324819433,0.0151,0.384,0.2882137
80,PC,24.857,18.47,35,2,F,1.8,43.1,0.1079,6,74.30502474152149,74.30502474152149,0.018000000000000002,0.431,0.33246000000000003
93,PC,25.115,16.613,35,2,G,2.49,45,0.1471,7,66.14772048576548,66.14772048576548,0.024900000000000002,0.45,0.4136637
19,PC,25.155,18.18,35,2,H,1.64,45.3,0.1048,8,72.27191413237925,72.27191413237925,0.016399999999999998,0.45299999999999996,0.298152
82,PC,24.944,18.132,35,2,I,1.92,43.8,0.1011,9,72.69082745349584,72.69082745349584,0.0192,0.43799999999999994,0.3481344
64,PC,24.097,16.529,35,2,J,2.33,45,0.1049,10,68.59360086317798,68.59360086317798,0.0233,0.45,0.3851257
30,PC,24.067,16.895,49,1,A,NA,NA,NA,1,70.19985872771845,70.19985872771845,NA,NA,NA
32,PC,24.71,18.209,49,1,B,NA,NA,NA,2,73.69081343585593,73.69081343585593,NA,NA,NA
76,PC,24.64,17.718,49,1,C,NA,NA,NA,3,71.90746753246754,71.90746753246754,NA,NA,NA
36,PC,24.914,20.59,49,1,D,NA,NA,NA,4,82.64429637954564,82.64429637954564,NA,NA,NA
38,PC,24.717,20.36,49,1,E,NA,NA,NA,5,82.37245620423191,82.37245620423191,NA,NA,NA
87,PC,25.245,18.435,49,2,F,NA,NA,NA,6,73.02436125965536,73.02436125965536,NA,NA,NA
40,PC,24.79,16.901,49,2,G,4.93,34.8,0.1085,7,68.1766841468334,68.1766841468334,0.0493,0.348,0.8332192999999999
45,PC,24.484,18.26,49,2,H,NA,NA,NA,8,74.57931710504819,74.57931710504819,NA,NA,NA
89,PC,23.782,17.088,49,2,I,NA,NA,NA,9,71.85266167689849,71.85266167689849,NA,NA,NA
60,PC,24.231,17.604,49,2,J,NA,NA,NA,10,72.65073665965085,72.65073665965085,NA,NA,NA
4,PC,23.471,17.322,63,1,A,1.72,38.7,0.1024,1,73.8017127519066,73.8017127519066,0.0172,0.387,0.2979384
90,PC,25.247,18.057,63,1,B,2.04,41.6,0.1032,2,71.52136887550996,71.52136887550996,0.0204,0.41600000000000004,0.3683628
97,PC,23.902,13.725,63,1,D,1.97,32.9,0.1114,4,57.42197305664798,57.42197305664798,0.0197,0.32899999999999996,0.27038249999999997
22,PC,24.076,16.434,63,2,F,2.03,39.5,0.1025,6,68.25884698454892,68.25884698454892,0.0203,0.395,0.3336102
70,PC,25.476,17.302,63,2,G,1.56,39.4,0.1095,7,67.91490029831999,67.91490029831999,0.015600000000000001,0.39399999999999996,0.2699112
43,PC,25.332,18.272,63,2,H,2.25,44,0.1202,8,72.13011211116374,72.13011211116374,0.0225,0.44,0.41111999999999993
92,PC,24.821,17.711,63,2,I,2.07,38.5,0.1106,9,71.3549010918174,71.3549010918174,0.0207,0.385,0.3666177
68,PC,24.646,16.178,63,2,J,2.14,41.1,0.114,10,65.64148340501501,65.64148340501501,0.021400000000000002,0.41100000000000003,0.34620920000000005
55,PC,25.31,19.487,84,1,A,NA,NA,NA,1,76.99328328723824,76.99328328723824,NA,NA,NA
5,PC,23.862,16.705,84,1,B,NA,NA,NA,2,70.00670522169139,70.00670522169139,NA,NA,NA
27,PC,24.276,17.073,84,1,C,NA,NA,NA,3,70.3287197231834,70.3287197231834,NA,NA,NA
75,PC,23.539,12.573,84,1,D,NA,NA,NA,4,53.413484005267854,53.413484005267854,NA,NA,NA
61,PC,24.815,17.16,84,1,E,NA,NA,NA,5,69.15172274833769,69.15172274833769,NA,NA,NA
15,PC,23.631,17.806,84,2,F,NA,NA,NA,6,75.35017561677458,75.35017561677458,NA,NA,NA
23,PC,25.046,16.958,84,2,G,NA,NA,NA,7,67.70741835023556,67.70741835023556,NA,NA,NA
16,PC,24.933,16.492,84,2,H,NA,NA,NA,8,66.14526932178238,66.14526932178238,NA,NA,NA
74,PC,25.178,16.429,84,2,I,NA,NA,NA,9,65.25140996107712,65.25140996107712,NA,NA,NA
99,PC,24.553,17.7,84,2,J,NA,NA,NA,10,72.08895043375554,72.08895043375554,NA,NA,NA
85,PC,24.722,NA,NA,1,A,1.94,27.3,0.1115,1,NA,NA,0.0194,0.273,NA
9,PC,23.23,NA,NA,1,B,1.65,40.1,0.1043,2,NA,NA,0.0165,0.401,NA
83,PC,23.618,NA,NA,1,D,1.77,38.7,0.1112,4,NA,NA,0.0177,0.387,NA
52,PC,25.357,NA,NA,2,F,2.16,34.6,0.1092,6,NA,NA,0.0216,0.34600000000000003,NA
58,PC,22.629,NA,NA,2,F,1.51,35.6,0.1098,6,NA,NA,0.0151,0.35600000000000004,NA
51,PC,24.709,NA,NA,2,G,1.53,36.1,0.1034,7,NA,NA,0.015300000000000001,0.361,NA
66,PC,25.15,NA,NA,2,H,2.38,39,0.1067,8,NA,NA,0.023799999999999998,0.39,NA
41,PC,25.544,NA,NA,2,I,2.39,37.7,0.1089,9,NA,NA,0.0239,0.377,NA
17,PC,25.112,NA,NA,2,J,1.85,41.5,0.1022,10,NA,NA,0.018500000000000003,0.415,NA
26,PC,24.818,NA,NA,NA,,NA,NA,NA,99999,NA,NA,NA,NA,NA
35,PC,24.462,NA,NA,NA,,NA,NA,NA,99999,NA,NA,NA,NA,NA
37,PC,22.91,NA,NA,NA,,NA,NA,NA,99999,NA,NA,NA,NA,NA
62,PC,24.332,NA,NA,NA,,NA,NA,NA,99999,NA,NA,NA,NA,NA
